INSERT INTO ProjectDim (project_id, project_name) VALUES
(1, 'CRM System'),
(2, 'Mobile Application'),
(3, 'Corporate Website'),
(4, 'Analytics Platform');

INSERT INTO PriorityDim (priority_id, priority_name) VALUES
(1, 'Low'),
(2, 'Medium'),
(3, 'High'),
(4, 'Critical');

INSERT INTO StatusDim (status_id, status_name) VALUES
(1, 'To Do'),
(2, 'In Progress'),
(3, 'Code Review'),
(4, 'Testing'),
(5, 'Done');

INSERT INTO UserDim (user_id, full_name) VALUES
(1, 'Иванов Алексей Сергеевич'),
(2, 'Петров Дмитрий Михайлович'),
(3, 'Сидорова Анна Викторовна'),
(4, 'Кузнецов Михаил Андреевич'),
(5, 'Орлова Елена Игоревна'),
(6, 'Смирнов Павел Олегович'),
(7, 'Васильева Мария Романовна'),
(8, 'Фёдоров Илья Николаевич'),
(9, 'Морозов Артём Денисович'),
(10, 'Никитина Ольга Александровна');

INSERT INTO SprintDim (sprint_id, sprint_name, start_date, end_date) VALUES
(1, 'Sprint 1', '2024-01-01', '2024-01-14'),
(2, 'Sprint 2', '2024-01-15', '2024-01-28'),
(3, 'Sprint 3', '2024-02-01', '2024-02-14'),
(4, 'Sprint 4', '2024-02-15', '2024-02-28'),
(5, 'Sprint 5', '2024-03-01', '2024-03-14'),
(6, 'Sprint 6', '2024-03-15', '2024-03-28');

INSERT INTO TaskFact (
    task_id, project_id, user_id, priority_id, sprint_id,
    created_date, closed_date
) VALUES
(1, 1, 1, 3, 1, '2024-01-02', '2024-01-06'),
(2, 1, 2, 2, 1, '2024-01-03', '2024-01-10'),
(3, 2, 3, 4, 2, '2024-01-16', '2024-01-25'),
(4, 2, 4, 3, 2, '2024-01-17', '2024-01-26'),
(5, 3, 5, 1, 3, '2024-02-02', '2024-02-08'),
(6, 3, 6, 2, 3, '2024-02-03', '2024-02-12'),
(7, 4, 7, 4, 4, '2024-02-16', '2024-02-24'),
(8, 4, 8, 3, 4, '2024-02-18', '2024-02-27'),
(9, 1, 9, 2, 5, '2024-03-02', '2024-03-09'),
(10, 2, 10, 3, 5, '2024-03-04', '2024-03-13');

INSERT INTO StatusHistoryFact (task_id, status_id, change_date) VALUES
(1, 1, '2024-01-02'),
(1, 2, '2024-01-03'),
(1, 5, '2024-01-06'),

(2, 1, '2024-01-03'),
(2, 2, '2024-01-05'),
(2, 4, '2024-01-08'),
(2, 5, '2024-01-10'),

(3, 1, '2024-01-16'),
(3, 2, '2024-01-18'),
(3, 3, '2024-01-21'),
(3, 5, '2024-01-25'),

(4, 1, '2024-01-17'),
(4, 2, '2024-01-19'),
(4, 5, '2024-01-26'),

(5, 1, '2024-02-02'),
(5, 2, '2024-02-05'),
(5, 5, '2024-02-08');

INSERT INTO WorklogFact (task_id, user_id, work_date, work_duration) VALUES
(1, 1, '2024-01-03', 240),
(1, 1, '2024-01-04', 180),
(1, 1, '2024-01-05', 120),

(2, 2, '2024-01-05', 300),
(2, 2, '2024-01-07', 240),

(3, 3, '2024-01-18', 360),
(3, 3, '2024-01-22', 420),

(4, 4, '2024-01-20', 180),
(4, 4, '2024-01-23', 240),

(5, 5, '2024-02-04', 200),
(5, 5, '2024-02-07', 160),

(6, 6, '2024-02-05', 300),
(6, 6, '2024-02-10', 360),

(7, 7, '2024-02-18', 420),
(8, 8, '2024-02-20', 390),

(9, 9, '2024-03-04', 240),
(10, 10, '2024-03-06', 300);
